{"stats":{"minecraft:picked_up":{"minecraft:crafting_table":1,"minecraft:oak_log":3},"minecraft:used":{"minecraft:wooden_axe":2,"minecraft:crafting_table":1,"minecraft:cracked_deepslate_bricks":138,"tombstone:gift":1,"evilcraft:flesh_humanoid":1},"minecraft:mined":{"minecraft:grass":7,"minecraft:oak_log":4,"minecraft:crafting_table":1},"minecraft:crafted":{"minecraft:oak_planks":12,"minecraft:crafting_table":1,"minecraft:stick":4,"minecraft:wooden_axe":1},"minecraft:custom":{"minecraft:time_since_rest":8941,"minecraft:deaths":1,"minecraft:sprint_one_cm":8161,"minecraft:play_time":10462,"minecraft:damage_taken":350,"minecraft:walk_one_cm":24466,"minecraft:sneak_time":6,"minecraft:jump":102,"minecraft:damage_dealt":16,"minecraft:leave_game":2,"minecraft:time_since_death":9019,"minecraft:total_world_time":10462,"minecraft:interact_with_crafting_table":2,"minecraft:fall_one_cm":1589,"minecraft:fly_one_cm":130527}},"DataVersion":3465}