{"stats":{"minecraft:picked_up":{"minecraft:stick":3,"minecraft:crafting_table":1,"minecraft:apple":1,"minecraft:porkchop":5,"minecraft:oak_log":23,"minecraft:oak_sapling":10},"minecraft:used":{"minecraft:wooden_axe":20,"minecraft:wooden_sword":20,"minecraft:apple":1,"minecraft:crafting_table":1,"minecraft:oak_sapling":4},"minecraft:mined":{"minecraft:grass":4,"minecraft:oak_log":22,"minecraft:dandelion":1,"minecraft:crafting_table":1},"minecraft:crafted":{"minecraft:wooden_sword":1,"minecraft:oak_planks":24,"minecraft:crafting_table":1,"minecraft:stick":4,"minecraft:wooden_pickaxe":1,"minecraft:wooden_axe":1},"minecraft:killed":{"minecraft:spider":1,"minecraft:zombie":1,"minecraft:pig":2},"minecraft:custom":{"minecraft:damage_taken":290,"minecraft:time_since_rest":8783,"minecraft:play_time":18088,"minecraft:walk_one_cm":38846,"minecraft:sprint_one_cm":12693,"tombstone:undead_killed":1,"minecraft:deaths":1,"minecraft:sneak_time":121,"minecraft:mob_kills":4,"minecraft:jump":107,"minecraft:damage_dealt":668,"minecraft:leave_game":2,"minecraft:time_since_death":9025,"minecraft:total_world_time":18088,"minecraft:interact_with_crafting_table":4,"minecraft:fall_one_cm":2090,"minecraft:fly_one_cm":239188,"minecraft:crouch_one_cm":107}},"DataVersion":3465}