{"stats":{"minecraft:picked_up":{"minecraft:crafting_table":1,"minecraft:stick":3,"minecraft:apple":1,"minecraft:porkchop":5,"minecraft:oak_log":23,"minecraft:oak_sapling":10},"minecraft:used":{"minecraft:wooden_axe":20,"minecraft:apple":1,"minecraft:wooden_sword":20,"minecraft:crafting_table":1,"minecraft:oak_sapling":4},"minecraft:mined":{"minecraft:grass":4,"minecraft:oak_log":22,"minecraft:dandelion":1,"minecraft:crafting_table":1},"minecraft:crafted":{"minecraft:wooden_sword":1,"minecraft:oak_planks":24,"minecraft:crafting_table":1,"minecraft:stick":4,"minecraft:wooden_pickaxe":1,"minecraft:wooden_axe":1},"minecraft:killed":{"minecraft:spider":1,"minecraft:zombie":1,"minecraft:pig":2},"minecraft:custom":{"minecraft:deaths":1,"minecraft:time_since_rest":863,"tombstone:undead_killed":1,"minecraft:play_time":10168,"minecraft:sprint_one_cm":9786,"minecraft:damage_taken":290,"minecraft:walk_one_cm":31515,"minecraft:mob_kills":4,"minecraft:jump":69,"minecraft:damage_dealt":668,"minecraft:leave_game":1,"minecraft:time_since_death":1105,"minecraft:total_world_time":10168,"minecraft:interact_with_crafting_table":4,"minecraft:fall_one_cm":1463,"minecraft:fly_one_cm":12069}},"DataVersion":3465}