{"stats":{"minecraft:mined":{"minecraft:grass":1,"minecraft:oak_log":4,"minecraft:oak_leaves":1},"minecraft:crafted":{"minecraft:crafting_table":1,"minecraft:oak_planks":16},"minecraft:custom":{"minecraft:jump":4,"minecraft:time_since_rest":3120,"minecraft:leave_game":2,"minecraft:play_time":3120,"minecraft:sprint_one_cm":81,"minecraft:time_since_death":3120,"minecraft:walk_one_cm":3715,"minecraft:total_world_time":3120,"minecraft:fall_one_cm":267,"minecraft:fly_one_cm":44},"minecraft:picked_up":{"minecraft:stick":2,"minecraft:oak_log":4,"minecraft:oak_sapling":4}},"DataVersion":3465}